<?xml version="1.0" encoding="UTF-8"?>
<project-private xmlns="http://www.netbeans.org/ns/project-private/1">
    <editor-bookmarks xmlns="http://www.netbeans.org/ns/editor-bookmarks/2" lastBookmarkId="0"/>
    <open-files xmlns="http://www.netbeans.org/ns/projectui-open-files/2">
        <group>
            <file>file:/E:/Users/Alumno/Desktop/AprendeJava/src/model/Clase4.java</file>
            <file>file:/E:/Users/Alumno/Desktop/AprendeJava/src/prueba/Prueba02.java</file>
            <file>file:/E:/Users/Alumno/Desktop/AprendeJava/src/model/Clase2.java</file>
            <file>file:/E:/Users/Alumno/Desktop/AprendeJava/src/prueba/Prueba03.java</file>
            <file>file:/E:/Users/Alumno/Desktop/AprendeJava/src/model/Clase3.java</file>
            <file>file:/E:/Users/Alumno/Desktop/AprendeJava/src/model/Objeto.java</file>
            <file>file:/E:/Users/Alumno/Desktop/AprendeJava/src/model/Clase1.java</file>
            <file>file:/E:/Users/Alumno/Desktop/AprendeJava/src/model/Clase5.java</file>
            <file>file:/E:/Users/Alumno/Desktop/AprendeJava/src/prueba/Prueba01.java</file>
            <file>file:/E:/Users/Alumno/Desktop/AprendeJava/src/model/Producto.java</file>
        </group>
    </open-files>
</project-private>
