<?xml version="1.0" encoding="UTF-8"?>
<project-private xmlns="http://www.netbeans.org/ns/project-private/1">
    <editor-bookmarks xmlns="http://www.netbeans.org/ns/editor-bookmarks/2" lastBookmarkId="0"/>
    <open-files xmlns="http://www.netbeans.org/ns/projectui-open-files/2">
        <group>
            <file>file:/C:/Users/Jeremy/Documents/NetBeansProjects/UNIProyecto/src/controller/Control.java</file>
            <file>file:/C:/Users/Jeremy/Documents/NetBeansProjects/UNIProyecto/src/view/Cono.java</file>
            <file>file:/C:/Users/Jeremy/Documents/NetBeansProjects/UNIProyecto/src/view/Cilindro.java</file>
            <file>file:/C:/Users/Jeremy/Documents/NetBeansProjects/UNIProyecto/src/view/Paralelepipedo.java</file>
            <file>file:/C:/Users/Jeremy/Documents/NetBeansProjects/UNIProyecto/src/service/Operation.java</file>
            <file>file:/C:/Users/Jeremy/Documents/NetBeansProjects/UNIProyecto/src/view/MainView.java</file>
            <file>file:/C:/Users/Jeremy/Documents/NetBeansProjects/UNIProyecto/src/view/Esfera.java</file>
            <file>file:/C:/Users/Jeremy/Documents/NetBeansProjects/UNIProyecto/src/view/Cubo.java</file>
            <file>file:/C:/Users/Jeremy/Documents/NetBeansProjects/UNIProyecto/src/main/Main.java</file>
        </group>
    </open-files>
</project-private>
